{
  "learning_rate": 3.106330003602377e-05,
  "num_train_epochs": 5,
  "per_device_train_batch_size": 32,
  "warmup_ratio": 0.013924642110101165,
  "weight_decay": 0.010904908423406558
}