{
  "learning_rate": 1.0261199242886899e-05,
  "num_train_epochs": 5,
  "per_device_train_batch_size": 16,
  "warmup_ratio": 0.12209980584764737,
  "weight_decay": 0.03584859486995939
}