{
  "none": {
    "total": 1370,
    "correct": 367,
    "accuracy": 0.2678832116788321,
    "avg_confidence": 0.9678389430046082
  },
  "claim": {
    "total": 644,
    "correct": 161,
    "accuracy": 0.25,
    "avg_confidence": 0.9690603017807007
  },
  "premise": {
    "total": 806,
    "correct": 474,
    "accuracy": 0.5880893300248139,
    "avg_confidence": 0.9719618558883667
  }
}