{
  "none": {
    "total": 1370,
    "correct": 0,
    "accuracy": 0.0,
    "avg_confidence": 0.6332800984382629
  },
  "claim": {
    "total": 644,
    "correct": 124,
    "accuracy": 0.19254658385093168,
    "avg_confidence": 0.6133604049682617
  },
  "premise": {
    "total": 806,
    "correct": 756,
    "accuracy": 0.9379652605459057,
    "avg_confidence": 0.6358427405357361
  }
}