{
  "learning_rate": 1.852439490569586e-05,
  "num_train_epochs": 4,
  "per_device_train_batch_size": 16,
  "warmup_ratio": 0.12289201766262656,
  "weight_decay": 0.09881843238469384
}