{
  "learning_rate": 2.2500234208616603e-05,
  "num_train_epochs": 5,
  "per_device_train_batch_size": 16,
  "warmup_ratio": 0.05374305757037362,
  "weight_decay": 0.0793537736701881
}