{
  "learning_rate": 2.4463599138110096e-05,
  "num_train_epochs": 4,
  "per_device_train_batch_size": 32,
  "warmup_ratio": 0.03709693507576699,
  "weight_decay": 0.06294248752656782
}