{
  "learning_rate": 1.0302331238842254e-05,
  "num_train_epochs": 6,
  "per_device_train_batch_size": 16,
  "warmup_ratio": 0.013210707453535664,
  "weight_decay": 0.010963937249609035
}