{
  "learning_rate": 1.0402378105993638e-05,
  "num_train_epochs": 5,
  "per_device_train_batch_size": 16,
  "warmup_ratio": 0.006269235925923316,
  "weight_decay": 0.030633474325594247
}