{
  "learning_rate": 1.912399535483402e-05,
  "num_train_epochs": 5,
  "per_device_train_batch_size": 32,
  "warmup_ratio": 0.1351536898866598,
  "weight_decay": 0.04780728823598321
}