{
  "none": {
    "total": 1370,
    "correct": 223,
    "accuracy": 0.16277372262773723,
    "avg_confidence": 0.7880995869636536
  },
  "claim": {
    "total": 644,
    "correct": 508,
    "accuracy": 0.7888198757763976,
    "avg_confidence": 0.7998638153076172
  },
  "premise": {
    "total": 806,
    "correct": 4,
    "accuracy": 0.004962779156327543,
    "avg_confidence": 0.764851987361908
  }
}