{
  "learning_rate": 2.3159141175718562e-05,
  "num_train_epochs": 3,
  "per_device_train_batch_size": 32,
  "warmup_ratio": 0.01562852004250657,
  "weight_decay": 0.08053796784969797
}