{
  "none": {
    "total": 1370,
    "correct": 0,
    "accuracy": 0.0,
    "avg_confidence": 0.6285232901573181
  },
  "claim": {
    "total": 644,
    "correct": 0,
    "accuracy": 0.0,
    "avg_confidence": 0.6289372444152832
  },
  "premise": {
    "total": 806,
    "correct": 806,
    "accuracy": 1.0,
    "avg_confidence": 0.6291078925132751
  }
}