{
  "learning_rate": 3.682012114192191e-05,
  "num_train_epochs": 6,
  "per_device_train_batch_size": 32,
  "warmup_ratio": 0.03463794263740164,
  "weight_decay": 0.009695199769161167
}