{
  "learning_rate": 3.663996049196073e-05,
  "num_train_epochs": 5,
  "per_device_train_batch_size": 32,
  "warmup_ratio": 0.04950134194515684,
  "weight_decay": 0.06487650126418353
}