{
  "learning_rate": 2.010605697164704e-05,
  "num_train_epochs": 5,
  "per_device_train_batch_size": 16,
  "warmup_ratio": 0.06554316973355542,
  "weight_decay": 0.047976273113760105
}