{
  "learning_rate": 3.496789810437474e-05,
  "num_train_epochs": 4,
  "per_device_train_batch_size": 32,
  "warmup_ratio": 0.11402969215663167,
  "weight_decay": 0.024618981738577485
}