{
  "learning_rate": 2.3299684013927234e-05,
  "num_train_epochs": 4,
  "per_device_train_batch_size": 16,
  "warmup_ratio": 0.10176405687175766,
  "weight_decay": 0.09288112934281205
}