{
  "none": {
    "total": 1370,
    "correct": 392,
    "accuracy": 0.28613138686131384,
    "avg_confidence": 0.8611286282539368
  },
  "claim": {
    "total": 644,
    "correct": 128,
    "accuracy": 0.19875776397515527,
    "avg_confidence": 0.8579437732696533
  },
  "premise": {
    "total": 806,
    "correct": 565,
    "accuracy": 0.7009925558312655,
    "avg_confidence": 0.8718111515045166
  }
}