{
  "learning_rate": 2.637495450902803e-05,
  "num_train_epochs": 6,
  "per_device_train_batch_size": 32,
  "warmup_ratio": 0.020569997336561712,
  "weight_decay": 0.024490274858397457
}