{
  "non-argumentative": {
    "total": 1370,
    "correct": 239,
    "accuracy": 0.17445255474452553,
    "avg_confidence": 0.960303783416748
  },
  "argumentative": {
    "total": 1450,
    "correct": 1124,
    "accuracy": 0.7751724137931034,
    "avg_confidence": 0.9480497241020203
  }
}