{
  "learning_rate": 1.3410472364526307e-05,
  "num_train_epochs": 6,
  "per_device_train_batch_size": 16,
  "warmup_ratio": 0.10642858483480594,
  "weight_decay": 0.020432350483462848
}