{
  "learning_rate": 1.662965059876317e-05,
  "num_train_epochs": 4,
  "per_device_train_batch_size": 16,
  "warmup_ratio": 0.0405369366108502,
  "weight_decay": 0.03717021047262949
}