{
  "learning_rate": 2.7094368058512025e-05,
  "num_train_epochs": 3,
  "per_device_train_batch_size": 16,
  "warmup_ratio": 0.14136311047019193,
  "weight_decay": 0.09537505877589299
}