{
  "learning_rate": 2.249124357672241e-05,
  "num_train_epochs": 5,
  "per_device_train_batch_size": 16,
  "warmup_ratio": 0.017306041367973944,
  "weight_decay": 0.010214858177943676
}