{
  "learning_rate": 3.182113214972668e-05,
  "num_train_epochs": 4,
  "per_device_train_batch_size": 16,
  "warmup_ratio": 0.13251621112588957,
  "weight_decay": 0.09756518407341506
}