{
  "none": {
    "total": 1370,
    "correct": 244,
    "accuracy": 0.1781021897810219,
    "avg_confidence": 0.9293107986450195
  },
  "claim": {
    "total": 644,
    "correct": 94,
    "accuracy": 0.14596273291925466,
    "avg_confidence": 0.8971548080444336
  },
  "premise": {
    "total": 806,
    "correct": 618,
    "accuracy": 0.7667493796526055,
    "avg_confidence": 0.9108086228370667
  }
}