{
  "learning_rate": 2.6086419681163747e-05,
  "num_train_epochs": 5,
  "per_device_train_batch_size": 16,
  "warmup_ratio": 0.08773097842316985,
  "weight_decay": 0.07737902524017895
}