{
  "learning_rate": 3.108300604647501e-05,
  "num_train_epochs": 4,
  "per_device_train_batch_size": 32,
  "warmup_ratio": 0.12958816909158358,
  "weight_decay": 0.04688678156529772
}