{
  "learning_rate": 4.089853194515511e-05,
  "num_train_epochs": 6,
  "per_device_train_batch_size": 32,
  "warmup_ratio": 0.05827620036625142,
  "weight_decay": 0.05753586905336705
}