{
  "learning_rate": 1.8801613125463586e-05,
  "num_train_epochs": 4,
  "per_device_train_batch_size": 16,
  "warmup_ratio": 0.10192924782542223,
  "weight_decay": 0.04706215731670291
}