{
  "learning_rate": 1.511033089455026e-05,
  "num_train_epochs": 6,
  "per_device_train_batch_size": 16,
  "warmup_ratio": 0.011380966584143637,
  "weight_decay": 0.09008574663672338
}