{
  "learning_rate": 1.3078078864081877e-05,
  "num_train_epochs": 6,
  "per_device_train_batch_size": 16,
  "warmup_ratio": 0.08240528652118657,
  "weight_decay": 0.0037346587986380464
}