{
  "learning_rate": 2.446165242449836e-05,
  "num_train_epochs": 6,
  "per_device_train_batch_size": 16,
  "warmup_ratio": 0.10995450586001657,
  "weight_decay": 0.07179551313265266
}