{
  "learning_rate": 2.155550899590291e-05,
  "num_train_epochs": 4,
  "per_device_train_batch_size": 32,
  "warmup_ratio": 0.06004292044469081,
  "weight_decay": 0.03186461485108007
}