{
  "learning_rate": 2.2452983211070802e-05,
  "num_train_epochs": 4,
  "per_device_train_batch_size": 32,
  "warmup_ratio": 0.1446130936894002,
  "weight_decay": 0.0073012716560041935
}