{
  "learning_rate": 2.9149630127004135e-05,
  "num_train_epochs": 6,
  "per_device_train_batch_size": 32,
  "warmup_ratio": 0.04008629904749927,
  "weight_decay": 0.03324043398594996
}