{
  "none": {
    "total": 1370,
    "correct": 193,
    "accuracy": 0.14087591240875913,
    "avg_confidence": 0.9521241784095764
  },
  "claim": {
    "total": 644,
    "correct": 40,
    "accuracy": 0.062111801242236024,
    "avg_confidence": 0.930699348449707
  },
  "premise": {
    "total": 806,
    "correct": 588,
    "accuracy": 0.7295285359801489,
    "avg_confidence": 0.9390854239463806
  }
}