{
  "learning_rate": 4.4029799423892984e-05,
  "num_train_epochs": 3,
  "per_device_train_batch_size": 32,
  "warmup_ratio": 0.014953441382130317,
  "weight_decay": 0.09420874685308213
}