{
  "learning_rate": 1.1073379618851772e-05,
  "num_train_epochs": 5,
  "per_device_train_batch_size": 32,
  "warmup_ratio": 0.14928236143447493,
  "weight_decay": 0.08012277263641568
}