{
  "learning_rate": 1.0272903287733504e-05,
  "num_train_epochs": 4,
  "per_device_train_batch_size": 16,
  "warmup_ratio": 0.09686622892393704,
  "weight_decay": 0.08424164546862702
}