{
  "learning_rate": 1.3659299378823543e-05,
  "num_train_epochs": 5,
  "per_device_train_batch_size": 16,
  "warmup_ratio": 0.07002086063472816,
  "weight_decay": 0.028835345467479723
}