{
  "none": {
    "total": 1370,
    "correct": 1369,
    "accuracy": 0.9992700729927008,
    "avg_confidence": 0.9351333379745483
  },
  "claim": {
    "total": 644,
    "correct": 0,
    "accuracy": 0.0,
    "avg_confidence": 0.9265862703323364
  },
  "premise": {
    "total": 806,
    "correct": 0,
    "accuracy": 0.0,
    "avg_confidence": 0.9432851076126099
  }
}