{
  "learning_rate": 3.707924876212364e-05,
  "num_train_epochs": 5,
  "per_device_train_batch_size": 16,
  "warmup_ratio": 0.11207893450016658,
  "weight_decay": 0.019785186592387562
}