{
  "learning_rate": 3.339202297897622e-05,
  "num_train_epochs": 3,
  "per_device_train_batch_size": 16,
  "warmup_ratio": 0.0035756135706543762,
  "weight_decay": 0.0358524576436714
}