{
  "none": {
    "total": 1370,
    "correct": 1244,
    "accuracy": 0.908029197080292,
    "avg_confidence": 0.8846332430839539
  },
  "claim": {
    "total": 644,
    "correct": 193,
    "accuracy": 0.2996894409937888,
    "avg_confidence": 0.7295160889625549
  },
  "premise": {
    "total": 806,
    "correct": 71,
    "accuracy": 0.0880893300248139,
    "avg_confidence": 0.7898011803627014
  }
}