{
  "learning_rate": 2.0811114459867444e-05,
  "num_train_epochs": 3,
  "per_device_train_batch_size": 32,
  "warmup_ratio": 0.08476561428736169,
  "weight_decay": 0.04744413963271065
}