{
  "learning_rate": 1.5388359692211138e-05,
  "num_train_epochs": 4,
  "per_device_train_batch_size": 16,
  "warmup_ratio": 0.012607077422832236,
  "weight_decay": 0.027809137264477958
}