{
  "learning_rate": 2.252938290719697e-05,
  "num_train_epochs": 6,
  "per_device_train_batch_size": 32,
  "warmup_ratio": 0.14747718031064966,
  "weight_decay": 0.040821452491010296
}