{
  "none": {
    "total": 1370,
    "correct": 437,
    "accuracy": 0.318978102189781,
    "avg_confidence": 0.9367426037788391
  },
  "claim": {
    "total": 644,
    "correct": 73,
    "accuracy": 0.11335403726708075,
    "avg_confidence": 0.9357324242591858
  },
  "premise": {
    "total": 806,
    "correct": 436,
    "accuracy": 0.5409429280397022,
    "avg_confidence": 0.9227471351623535
  }
}