{
  "learning_rate": 3.271427662891442e-05,
  "num_train_epochs": 6,
  "per_device_train_batch_size": 32,
  "warmup_ratio": 0.018500223878953188,
  "weight_decay": 0.06150442866304856
}