{
  "learning_rate": 1.186068089949818e-05,
  "num_train_epochs": 6,
  "per_device_train_batch_size": 16,
  "warmup_ratio": 0.031604833592487946,
  "weight_decay": 0.08562241704219441
}