{
  "learning_rate": 2.3175324591225555e-05,
  "num_train_epochs": 5,
  "per_device_train_batch_size": 16,
  "warmup_ratio": 0.01111024133158529,
  "weight_decay": 0.00980461745741752
}