{
  "learning_rate": 2.459631212329734e-05,
  "num_train_epochs": 3,
  "per_device_train_batch_size": 16,
  "warmup_ratio": 0.12078162331779702,
  "weight_decay": 0.08305581422051665
}