{
  "learning_rate": 3.1367353363485214e-05,
  "num_train_epochs": 6,
  "per_device_train_batch_size": 32,
  "warmup_ratio": 0.011476068416308202,
  "weight_decay": 0.04722859765437916
}