{
  "learning_rate": 1.8819881538688835e-05,
  "num_train_epochs": 4,
  "per_device_train_batch_size": 16,
  "warmup_ratio": 0.08146515588901265,
  "weight_decay": 0.08364892767882526
}