{
  "non-argumentative": {
    "total": 1370,
    "correct": 22,
    "accuracy": 0.016058394160583942,
    "avg_confidence": 0.9778663516044617
  },
  "argumentative": {
    "total": 1450,
    "correct": 1444,
    "accuracy": 0.9958620689655172,
    "avg_confidence": 0.984315037727356
  }
}