{
  "learning_rate": 3.302279810755993e-05,
  "num_train_epochs": 6,
  "per_device_train_batch_size": 32,
  "warmup_ratio": 0.06870207908130621,
  "weight_decay": 0.06774531981070567
}