{
  "none": {
    "total": 1370,
    "correct": 437,
    "accuracy": 0.318978102189781,
    "avg_confidence": 0.8525488376617432
  },
  "claim": {
    "total": 644,
    "correct": 115,
    "accuracy": 0.17857142857142858,
    "avg_confidence": 0.8577898740768433
  },
  "premise": {
    "total": 806,
    "correct": 439,
    "accuracy": 0.5446650124069479,
    "avg_confidence": 0.876850426197052
  }
}