{
  "learning_rate": 2.2074713538821513e-05,
  "num_train_epochs": 5,
  "per_device_train_batch_size": 16,
  "warmup_ratio": 0.07010711607221436,
  "weight_decay": 0.06952244066584894
}