{
  "learning_rate": 1.5310607942942164e-05,
  "num_train_epochs": 6,
  "per_device_train_batch_size": 32,
  "warmup_ratio": 0.054448574139988666,
  "weight_decay": 0.0834653982761578
}