{
  "learning_rate": 3.007166543993829e-05,
  "num_train_epochs": 5,
  "per_device_train_batch_size": 32,
  "warmup_ratio": 0.13221898050507597,
  "weight_decay": 0.05963726801828997
}