{
  "learning_rate": 1.5758107561490192e-05,
  "num_train_epochs": 5,
  "per_device_train_batch_size": 32,
  "warmup_ratio": 0.13860265044294676,
  "weight_decay": 0.041857830826487086
}