{
  "none": {
    "total": 1370,
    "correct": 16,
    "accuracy": 0.01167883211678832,
    "avg_confidence": 0.9736148118972778
  },
  "claim": {
    "total": 644,
    "correct": 6,
    "accuracy": 0.009316770186335404,
    "avg_confidence": 0.9750360250473022
  },
  "premise": {
    "total": 806,
    "correct": 799,
    "accuracy": 0.9913151364764268,
    "avg_confidence": 0.9842754006385803
  }
}