{
  "learning_rate": 2.9180693652394992e-05,
  "num_train_epochs": 4,
  "per_device_train_batch_size": 16,
  "warmup_ratio": 0.14472042010390934,
  "weight_decay": 0.03025634627963797
}