{
  "learning_rate": 2.461710289346374e-05,
  "num_train_epochs": 6,
  "per_device_train_batch_size": 32,
  "warmup_ratio": 0.04879304051161925,
  "weight_decay": 0.03457386062811623
}