{
  "learning_rate": 2.734103717743461e-05,
  "num_train_epochs": 5,
  "per_device_train_batch_size": 16,
  "warmup_ratio": 0.1451830072829857,
  "weight_decay": 0.09977766352549076
}