{
  "learning_rate": 2.159963642446799e-05,
  "num_train_epochs": 4,
  "per_device_train_batch_size": 16,
  "warmup_ratio": 0.007717629770497864,
  "weight_decay": 0.04131522526178293
}