{
  "learning_rate": 2.6302577649827504e-05,
  "num_train_epochs": 6,
  "per_device_train_batch_size": 32,
  "warmup_ratio": 0.0036526327118127366,
  "weight_decay": 0.05671790404353802
}