{
  "none": {
    "total": 1370,
    "correct": 0,
    "accuracy": 0.0,
    "avg_confidence": 0.6022923588752747
  },
  "claim": {
    "total": 644,
    "correct": 644,
    "accuracy": 1.0,
    "avg_confidence": 0.5985397696495056
  },
  "premise": {
    "total": 806,
    "correct": 0,
    "accuracy": 0.0,
    "avg_confidence": 0.5956733822822571
  }
}