{
  "learning_rate": 1.7488230069368727e-05,
  "num_train_epochs": 5,
  "per_device_train_batch_size": 16,
  "warmup_ratio": 0.017722610695633124,
  "weight_decay": 0.08568412031789979
}