{
  "learning_rate": 1.4251539492660753e-05,
  "num_train_epochs": 6,
  "per_device_train_batch_size": 16,
  "warmup_ratio": 0.006881844704601464,
  "weight_decay": 0.012129773433566771
}