{
  "learning_rate": 3.768062740572197e-05,
  "num_train_epochs": 5,
  "per_device_train_batch_size": 32,
  "warmup_ratio": 0.059278338718722165,
  "weight_decay": 0.035630079619763146
}