{
  "learning_rate": 4.6710118413031433e-05,
  "num_train_epochs": 4,
  "per_device_train_batch_size": 16,
  "warmup_ratio": 0.0983573357287877,
  "weight_decay": 0.033286872186063535
}