{
  "learning_rate": 1.5274273915332914e-05,
  "num_train_epochs": 6,
  "per_device_train_batch_size": 16,
  "warmup_ratio": 0.054845209680982145,
  "weight_decay": 0.08697650836482547
}