{
  "none": {
    "total": 1370,
    "correct": 0,
    "accuracy": 0.0,
    "avg_confidence": 0.871278703212738
  },
  "claim": {
    "total": 644,
    "correct": 39,
    "accuracy": 0.06055900621118013,
    "avg_confidence": 0.8706852793693542
  },
  "premise": {
    "total": 806,
    "correct": 789,
    "accuracy": 0.9789081885856079,
    "avg_confidence": 0.8993785381317139
  }
}