{
  "learning_rate": 4.816916900511557e-05,
  "num_train_epochs": 3,
  "per_device_train_batch_size": 16,
  "warmup_ratio": 0.10150902323275048,
  "weight_decay": 0.0019744728213114348
}