{
  "learning_rate": 2.3250527932611858e-05,
  "num_train_epochs": 4,
  "per_device_train_batch_size": 16,
  "warmup_ratio": 0.022887159108058573,
  "weight_decay": 0.016246374567589008
}