{
  "learning_rate": 3.4539443045465904e-05,
  "num_train_epochs": 5,
  "per_device_train_batch_size": 32,
  "warmup_ratio": 0.03264422471474033,
  "weight_decay": 0.040359347533593354
}