{
  "learning_rate": 3.084664607455387e-05,
  "num_train_epochs": 6,
  "per_device_train_batch_size": 32,
  "warmup_ratio": 0.02309137770310026,
  "weight_decay": 0.0368128448567883
}