{
  "none": {
    "total": 1370,
    "correct": 1286,
    "accuracy": 0.9386861313868613,
    "avg_confidence": 0.7651012539863586
  },
  "claim": {
    "total": 644,
    "correct": 111,
    "accuracy": 0.17236024844720496,
    "avg_confidence": 0.6056709289550781
  },
  "premise": {
    "total": 806,
    "correct": 87,
    "accuracy": 0.10794044665012408,
    "avg_confidence": 0.6720353960990906
  }
}