{
  "learning_rate": 3.3301398588831976e-05,
  "num_train_epochs": 4,
  "per_device_train_batch_size": 16,
  "warmup_ratio": 0.0590633459358407,
  "weight_decay": 0.08958103180526028
}