{
  "learning_rate": 2.622283301236964e-05,
  "num_train_epochs": 5,
  "per_device_train_batch_size": 32,
  "warmup_ratio": 0.10438523270943104,
  "weight_decay": 0.08611710436223607
}