{
  "learning_rate": 3.0230278808233686e-05,
  "num_train_epochs": 5,
  "per_device_train_batch_size": 16,
  "warmup_ratio": 0.12699665103209415,
  "weight_decay": 0.08127089875135299
}