{
  "learning_rate": 4.818197637161065e-05,
  "num_train_epochs": 6,
  "per_device_train_batch_size": 32,
  "warmup_ratio": 0.03230333615206345,
  "weight_decay": 0.05516467910166345
}