{
  "learning_rate": 1.2899819207201811e-05,
  "num_train_epochs": 5,
  "per_device_train_batch_size": 32,
  "warmup_ratio": 0.06310838186067948,
  "weight_decay": 0.02712470018533426
}