{
  "none": {
    "total": 1370,
    "correct": 1195,
    "accuracy": 0.8722627737226277,
    "avg_confidence": 0.8764607310295105
  },
  "claim": {
    "total": 644,
    "correct": 168,
    "accuracy": 0.2608695652173913,
    "avg_confidence": 0.7421834468841553
  },
  "premise": {
    "total": 806,
    "correct": 159,
    "accuracy": 0.19727047146401985,
    "avg_confidence": 0.7728638052940369
  }
}