{
  "learning_rate": 3.752242474976465e-05,
  "num_train_epochs": 4,
  "per_device_train_batch_size": 16,
  "warmup_ratio": 0.03512346499959278,
  "weight_decay": 0.08565634158320662
}