{
  "learning_rate": 1.7361540560063588e-05,
  "num_train_epochs": 5,
  "per_device_train_batch_size": 16,
  "warmup_ratio": 0.10743413293218292,
  "weight_decay": 0.07526441884778567
}