{
  "none": {
    "total": 1370,
    "correct": 1287,
    "accuracy": 0.9394160583941605,
    "avg_confidence": 0.9826018810272217
  },
  "claim": {
    "total": 644,
    "correct": 16,
    "accuracy": 0.024844720496894408,
    "avg_confidence": 0.9699583053588867
  },
  "premise": {
    "total": 806,
    "correct": 91,
    "accuracy": 0.11290322580645161,
    "avg_confidence": 0.9694516062736511
  }
}