{
  "learning_rate": 1.7525287969733084e-05,
  "num_train_epochs": 6,
  "per_device_train_batch_size": 32,
  "warmup_ratio": 0.09626084496233088,
  "weight_decay": 0.04602652144480275
}