{
  "learning_rate": 1.4235836004497896e-05,
  "num_train_epochs": 4,
  "per_device_train_batch_size": 16,
  "warmup_ratio": 0.023175805682854194,
  "weight_decay": 0.07171187104877466
}