{
  "learning_rate": 2.6003458109616558e-05,
  "num_train_epochs": 4,
  "per_device_train_batch_size": 16,
  "warmup_ratio": 0.08253967314823839,
  "weight_decay": 0.04764133409747444
}