{
  "learning_rate": 2.9312154918650323e-05,
  "num_train_epochs": 6,
  "per_device_train_batch_size": 32,
  "warmup_ratio": 0.05338790492635,
  "weight_decay": 0.09787840073272691
}