{
  "learning_rate": 1.1949985098646768e-05,
  "num_train_epochs": 6,
  "per_device_train_batch_size": 16,
  "warmup_ratio": 0.09692128309175176,
  "weight_decay": 0.026491977567445535
}