{
  "learning_rate": 1.823925294004436e-05,
  "num_train_epochs": 5,
  "per_device_train_batch_size": 16,
  "warmup_ratio": 0.012660252359625873,
  "weight_decay": 0.04443969478279466
}