{
  "learning_rate": 2.4143130444338585e-05,
  "num_train_epochs": 6,
  "per_device_train_batch_size": 32,
  "warmup_ratio": 0.08206465305593841,
  "weight_decay": 0.03583826430013143
}