{
  "learning_rate": 3.5024100625880596e-05,
  "num_train_epochs": 4,
  "per_device_train_batch_size": 16,
  "warmup_ratio": 0.10129384797687159,
  "weight_decay": 0.057445741519378396
}