{
  "learning_rate": 1.7732337782196588e-05,
  "num_train_epochs": 5,
  "per_device_train_batch_size": 16,
  "warmup_ratio": 0.086787120800273,
  "weight_decay": 0.0780937332898749
}