{
  "learning_rate": 4.511198760080076e-05,
  "num_train_epochs": 3,
  "per_device_train_batch_size": 16,
  "warmup_ratio": 0.1314376740178788,
  "weight_decay": 0.013617781304071054
}