{
  "learning_rate": 1.086344373462988e-05,
  "num_train_epochs": 6,
  "per_device_train_batch_size": 16,
  "warmup_ratio": 0.0018363672753024583,
  "weight_decay": 0.04497385706371446
}