{
  "learning_rate": 2.5372891214882238e-05,
  "num_train_epochs": 6,
  "per_device_train_batch_size": 16,
  "warmup_ratio": 0.1409227665481642,
  "weight_decay": 0.07770217541187951
}