{
  "learning_rate": 2.4280694990386958e-05,
  "num_train_epochs": 6,
  "per_device_train_batch_size": 16,
  "warmup_ratio": 0.12152396872537038,
  "weight_decay": 0.05177977641486436
}