{
  "learning_rate": 1.664051575159364e-05,
  "num_train_epochs": 6,
  "per_device_train_batch_size": 32,
  "warmup_ratio": 0.10412782904009184,
  "weight_decay": 0.0348174821799371
}