{
  "learning_rate": 2.2042740282048105e-05,
  "num_train_epochs": 4,
  "per_device_train_batch_size": 16,
  "warmup_ratio": 0.11970080229105214,
  "weight_decay": 0.02801193833726966
}