{
  "learning_rate": 1.4688880512782175e-05,
  "num_train_epochs": 6,
  "per_device_train_batch_size": 16,
  "warmup_ratio": 0.07574288173091771,
  "weight_decay": 0.07466812506540318
}