{
  "learning_rate": 2.8673294037585802e-05,
  "num_train_epochs": 6,
  "per_device_train_batch_size": 32,
  "warmup_ratio": 0.03080812375347338,
  "weight_decay": 0.0009308176512049099
}